INSERT INTO worker
(ID, name, birthday, level, salary)
VALUES
    ('1','Ivanov', '1999-06-23', 'Trainee', '1500'),
        ('2','Petrov', '1991-04-27', 'Trainee', '1000'),
        ('3','Ivanenko', '1996-12-21', 'Junior', '2000'),
        ('4','Petrenko', '1993-11-11', 'Middle', '3000'),
        ('5','Vasylenko', '1990-11-21', 'Senior', '4000'),
        ('6','Gorobets', '1985-09-15', 'Trainee', '2500'),
        ('7','Belix', '1990-04-25', 'Junior', '1500'),
        ('8','Tiroshko', '2007-03-17', 'Middle', '3500'),
        ('9','Orlova', '2003-02-19', 'Senior', '4500'),
        ('10','Stoletnaya', '1981-04-30', 'Senior', '5000');


INSERT INTO client
(ID, name)
VALUES
    ('1','Ivanov'),
        ('2','Petrov'),
        ('3','Ivanenko'),
        ('4','Petrenko'),
        ('5','Vasylenko');


INSERT INTO project
(ID, CLIENT_ID, START_DATE, FINISH_DATE)
VALUES
    ('1','3', '2021-12-01','2023-06-01'),
    ('2','2', '2020-09-01','2024-05-01'),
    ('3','1', '2019-11-01','2025-05-01'),
    ('4','5', '2020-10-01','2025-08-01'),
    ('5','4', '2021-01-01','2023-06-01'),
    ('6','4', '2021-02-01','2029-04-28'),
    ('7','4', '2019-12-01','2028-05-01'),
    ('8','5', '2021-12-01','2025-07-30'),
    ('9','1', '2022-12-01','2024-08-10'),
    ('10','2', '2023-01-01','2026-06-30');


INSERT INTO project_worker
(PROJECT_ID, WORKER_ID)
VALUES
    ('1','3'),
    ('2','2'),
    ('3','1'),
    ('3','3'),
    ('3','4'),
    ('3','10'),
    ('4','5'),
    ('5','7'),
    ('6','8'),
    ('7','6'),
    ('8','5'),
    ('9','1'),
    ('10','2');
